{
"std_dev_x" : [12.73727804507298]
} 
{
"std_dev_y" : [6.42739856667634]
} 
{
"std_dev_angle" : [0.13391668303250207]
} 
