{
"std_dev_x" : [116.73407674471738, 99.22579650566001, 74.22434492891705, 56.586501930532016, 5.7396484134532, 4.939225235457362, 7.544761361777779]
} 
{
"std_dev_y" : [100.44346964512178, 32.05894583399335, 35.58661100409203, 45.50360323896515, 6.703454630838579, 7.473995277639443, 7.4606690584315665]
} 
{
"std_dev_angle" : [1.8115684020732887, 3.178582219095619, 4.354415686657294, 1.436171239784, 3.7334051423036763, 3.2743128460510396, 0.1974015951688482]
} 
